{
	"class_name" : "PinholeCameraParameters",
	"extrinsic" : 
	[
		-0.93896766838034251,
		-0.03823636795264676,
		0.34187380405958723,
		0.0,
		-0.33390298314937578,
		0.34037641656169865,
		-0.87900665122202837,
		0.0,
		-0.082755758593169276,
		-0.93951150882488232,
		-0.33236968755478025,
		0.0,
		0.033517891725586939,
		0.31823934460040149,
		1.2013099501852773,
		1.0
	],
	"intrinsic" : 
	{
		"height" : 600,
		"intrinsic_matrix" : 
		[
			519.6152422706632,
			0.0,
			0.0,
			0.0,
			519.6152422706632,
			0.0,
			399.5,
			299.5,
			1.0
		],
		"width" : 800
	},
	"version_major" : 1,
	"version_minor" : 0
}